city,Бытовая техника,Книги,Косметика,Обувь,Одежда,Продукты,Спорттовары,Электроника
Екатеринбург,0.0,0.0,3825.0,0.0,0.0,0.0,8000.0,0.0
Казань,0.0,0.0,0.0,0.0,0.0,3780.0,28000.0,0.0
Москва,40500.0,0.0,0.0,0.0,0.0,0.0,0.0,90000.0
Нижний Новгород,0.0,0.0,0.0,0.0,6400.0,8000.0,0.0,0.0
Новосибирск,12000.0,0.0,0.0,0.0,0.0,0.0,0.0,47500.0
Ростов-на-Дону,0.0,2000.0,0.0,5950.0,0.0,0.0,0.0,0.0
Самара,0.0,3000.0,0.0,8550.0,0.0,0.0,0.0,0.0
Санкт-Петербург,0.0,0.0,4000.0,0.0,14250.0,0.0,0.0,0.0
Уфа,0.0,0.0,3420.0,0.0,15300.0,0.0,0.0,0.0
Челябинск,16200.0,0.0,0.0,0.0,0.0,0.0,0.0,67500.0
