month,total_revenue,total_quantity,orders
2024-01,5826505.9516,995,98
2024-02,4844775.9698,755,76
2024-03,3698969.4874,702,68
2024-04,5799629.2683,832,77
2024-05,4257552.4596,1056,98
2024-06,4453444.2853999995,745,75
2024-07,5068611.5676,844,84
2024-08,5720103.1884,938,80
2024-09,4501772.3093,853,77
2024-10,4011530.5611,837,72
2024-11,2596974.2648,742,71
2024-12,5071359.5433,952,90
2025-01,2936881.923,791,80
2025-02,3889091.1437,814,81
2025-03,4119317.5154999997,917,83
2025-04,3382140.2072,971,80
2025-05,4187337.1747,853,90
2025-06,3931946.4668,763,75
2025-07,3989059.9549000002,921,83
2025-08,4073980.3562,826,79
2025-09,3562091.4894,965,86
2025-10,3956081.7786000003,934,85
2025-11,4612095.5957,882,86
2025-12,5511399.4113,881,85
2026-01,3024773.7752,746,79
2026-02,4129560.4281,867,81
2026-03,3701714.8968,1019,89
2026-04,3559495.7532,866,80
2026-05,3211926.2788,904,85
2026-06,4471506.7983,896,89
2026-07,7611481.382999999,987,99
2026-08,3806960.1905,967,94
2026-09,3632336.293,948,86
2026-10,7300881.7267,879,91
2026-11,6352405.2488,1060,87
2026-12,5211951.1285,883,81
