date;manager;city;category;product;quantity;price;discount
01.08.2026;Иванов А.;Москва;Электроника;Смартфон;2;50000;10%
02.08.2026;Петрова Е.;Санкт-Петербург;Одежда;Джинсы;5;3000;5%
03.08.2026;Сидоров М.;Новосибирск;Бытовая техника;Пылесос;1;12000;0%
04.08.2026;Смирнова О.;Екатеринбург;Косметика;Тональный крем;3;1500;15%
05.08.2026;Кузнецов Д.;Казань;Спорттовары;Велосипед;1;35000;20%
06.08.2026;Попова А.;Нижний Новгород;Продукты;Кофе зерновой;10;800;0%
07.08.2026;Васильев И.;Челябинск;Электроника;Ноутбук;1;75000;10%
08.08.2026;Козлова Н.;Самара;Обувь;Кроссовки;2;4500;5%
09.08.2026;Новиков П.;Ростов-на-Дону;Книги;Энциклопедия;1;2000;0%
10.08.2026;Морозова Т.;Уфа;Одежда;Платье;3;6000;15%
11.08.2026;Иванов А.;Москва;Бытовая техника;Холодильник;1;45000;10%
12.08.2026;Петрова Е.;Санкт-Петербург;Косметика;Шампунь;8;500;0%
13.08.2026;Сидоров М.;Новосибирск;Электроника;Планшет;2;25000;5%
14.08.2026;Смирнова О.;Екатеринбург;Спорттовары;Гантели;4;2000;0%
15.08.2026;Кузнецов Д.;Казань;Продукты;Масло оливковое;6;700;10%
16.08.2026;Попова А.;Нижний Новгород;Одежда;Куртка;1;8000;20%
17.08.2026;Васильев И.;Челябинск;Бытовая техника;Микроволновка;2;9000;10%
18.08.2026;Козлова Н.;Самара;Книги;Роман;5;600;0%
19.08.2026;Новиков П.;Ростов-на-Дону;Обувь;Сапоги;1;7000;15%
20.08.2026;Морозова Т.;Уфа;Косметика;Маска для лица;3;1200;5%
